題目,選項A,選項B,選項C,選項D,選項E,選項F,選項G,選項H,選項I,正確答案,配分
"How many of these compile? ```java 18: Comparator<String> c1=(j,k)->0; 19: Comparator<String> c2=(String j,String k)->0; 20: Comparator<String> c3=(var j,String k)->0; 21: Comparator<String> c4=(var j,k)->0; 22: Comparator<String> c5=(var j,var k)->0; ```",0,1,2,3,4,5,,,,D,1
"What is the output of the following application? ```java public class Airplane{ static int start=2; final int end; public Airplane(int x) { x=4; end=x; } public void fly(int distance) { System.out.print(end-start+"" ""); System.out.print(distance); } public static void main(String... start) { new Airplane(10).fly(5); } } ```",2 5,8 5,6 5,The code does not compile.,None of the above,,,,,A,1
Given the code fragment: What is the result? ```java var i=10; var j=5; i+=(j*5+i)/j-2; System.out.println(i); ```,5,11,21,23,15,,,,,E,1
"Given: What is the result? ```java public class Tester{ public static void main(String[] args){ StringBuilder sb=new StringBuilder(5); sb.append(""HOWDY""); sb.insert(0,' '); sb.replace(3,5,""LL""); sb.insert(6,""COW""); sb.delete(2,7); System.out.println(sb.length()); } } ```",5,3,An exception is thrown at runtime.,4,,,,,,D,1
"Given: What is the result? ```java public class StrBldr{ static StringBuilder sb1=new StringBuilder(""yo ""); StringBuilder sb2=new StringBuilder(""hi ""); public static void main(String[] args){ sb1=sb1.append(new StrBldr().foo(new StringBuilder(""hey""))); System.out.println(sb1); } StringBuilder foo(StringBuilder s){ System.out.print(s+"" oh "" +sb2); return new StringBuilder(""ey""); } } ```",oh hi hey,hey oh hi,A compile time error occurs.,hey oh hi yo ey,yo ey,hey oh hi ey,,,,D,1
"Given: What is the output? ```java public class Test{ public void process(byte v){ System.out.println(""Byte value ""+v); } public void process(short v){ System.out.println(""Short value ""+v); } public void process(Object v){ System.out.println(""Object value ""+v); } public static void main(String[] args){ byte x=12; short y=13; new Test().process(x+y);// line 1 } } ```",Object value 25,Byte value 25,Short value 25,The compilation fails due to an error in line 1,,,,,,A,1
Variables declared as which of the following are never permitted in a switch statement? （Choose two）,var,double,int,String,char,Object,,,,"B,F",1
"What is the output of the following application? ```java package planning; public class ThePlan{ var plan=1; plan=plan++ + --plan; if(plan==1){ System.out.print(""Plan A""); }else{ if(plan==2) System.out.print(""Plan B""); }else System.out.print(""Plan C"");} } } ```",Plan A,Plan B,Plan C,The class does not compile,None of the above,,,,,D,1
"Given: What is the result? ```java int i=10; do { for(int j=i/2;j>0;j--){ System.out.print(j+"" ""); } i-=2; }while(i>0); ```",5 4 3 2 1,nothing,5,5 4 3 2 1 4 3 2 1 3 2 1 2 1 1,,,,,,D,1
Which statement about the Elephant program is correct? ```java package stampede; interface Long{ Number length(); } public class Elephant{ public class Trunk implements Long{ public Number length(){ return 6;} //k1 } public class MyTrunk extends Trunk{ //k2 public Integer length(){ return 9;} //k3 } public static void charage(){ System.out.print(new MyTrunk().length()); } public static void main(String[] cute){ new Elephant().charge(); //k4 } } ```,It compiles and prints 6.,The code does not compile because of line k1.,The code does not compile because of line k2.,The code does not compile because of line k3.,The code does not compile because of line k4.,None of the above,,,,F,1
What is the output of the following application? ```java package sports; abstract class Ball{ protected final int size; public Ball(int size){ this.size=size; } } interface Equipment{} public class SoccerBall extends Ball implements Equipment{ public SoccerBall(){ super(5); } public Ball get(){ return this; } public static void main(String[] passes){ var equipment=(Equipment)(Ball)new SoccerBall().get(); System.out.print(((SoccerBall)equipment).size); } } ```,5,The code does not compile due to an invalid cast,The code does not compile due to a different reason,The code compiles but throws a ClassCastException at runtime,,,,,,A,1
"Given: and What is the result? ```java public class Avatar extends GameObject{ public Object[] move(Number x,Number y){ System.out.println(""Move Character""); return super.move(x.intValue(),y.intValue()); } public static void main(String... args) { var character=new Avatar(); character.move(10.0,10.0); character.move(10,10); } } ```",Move Character Move GameObject Move GameObject,Move GameObject` `Move GameObject,Move GameObject Move Character Move GameObject,Move GameObject,,,,,,A,1
"Given: What is the result? ```java public class Menu{ enum Machine{ AUTO(""Truck""),MEDICAL(""Scanner""); private String type; private Machine(String type){ this.type=type; } private void setType(String type){ this.type=type; //line 1 } private String getType() { return type; } } public static void main(String[] args) { Machine.AUTO.setType(""Sedan""); //line 2 for(Machine p:Machine.values()) { System.out.println(p+"": ""+p.getType()); //line 3 } } } ```",The compilation fails due to an error on line 3.,The compilation fails due to an error on line 2.,AUTO: Truck MEDICAL: Scanner,An exception is throw at run time,The compilation fails due to an error on line 1,AUTO: Sedan MEDICAL:Scanner,,,,F,1
Given: Which is true? ```java class Scope{ static int myint=666; public static void main(String[] args){ int myint=myint; System.out.println(myint); } } ```,Code compiles but throws a runtime exception when run.,It prints 666,"The code compiles and runs successfully but with a wrong answer(i.e., a bug).",The code does not compile successfully,,,,,,D,1
Given: and and What is the result? ```java package test; import test.t1.*; import test.t2.*; public class Tester{ public static void main(String[] args){ A obj=new B(); //line 4 System.out.println(obj.x); //line 5 } } ```,The compilation fails due to an error in line 4,17,The compilation fails due to an error in line 2,The compilation fails due to an error in line 3,The compilation fails due to an error in line 1,The compilation fails due to an error in line 5,42,,,G,1
"Given: Which two lines of code when inserted in line 1 correctly modifies instance variables? （Choose two） ```java public class DNASynth{ int aCount; int tCount; int cCount; int gCount; DNASynth(int aCount,int tCount,int c,int g){ // line 1 } int setCCount(int c){ return c; } void setGCount(int gCount){ this.gCount=gCount; } } ```",tCount=tCount;,cCount=setCCount(c);,setCCount(c)=cCount;,aCount=aCount;,setGCount(g);,,,,,"B,E",1
"Given: What is the result? ```java public class Price{ private final double value; public Price(String value){ this(Double.parseDouble(value)); } public Price(double value){ this.value=value; } public Price(){} public double getValue(){ return value;} public static void main(String[] args) { Price p1=new Price(""1.99""); Price p2=new Price(2.99); Price p3=new Price(); System.out.println(p1.getValue()+"",""+p2.getValue()+"",""+p3.getValue()); } } ```","1.99,2.99,0.0","1.99,2.99",The compilation fails,"1.99,2.99,0",,,,,,C,1
"Given: and Assuming that this code compiles correctly, which three statements are true? （Choose three） ```java public class BuilderImpl implements Builder{ @Override public B build(String str){ return new B(str); } } ```",A cannot be abstract.,A is a subtype of B.,B cannot be final.,B is a subtype of A.,B cannot be abstract.,A cannot be final.,,,,"D,E,F",1
Given: and and Which three are correct? （Choose three） ```java Foo f1=new Foo(); Foo f2=new Bar(); Bar b1=new Bar(); List<String> li=new ArrayList<>(); ```,f2.foo(li) prints Bonjour le monde,f1.foo(li) prints Hola Mundo!,f2.foo(li) prints Hola Mundo!,b1.foo(li) prints Hola Mundo!,f2.foo(li) prints Hello world!,b1.foo(li) prints Hello world!,f1.foo(li) prints Bonjour le monde!,f1.foo(li) prints Hello world!,b1.foo(li) prints Bonjour le monde!,"D,E,G",1
"Given: What is the Result? ```java public class Test{ public static void main(String[] args){ AnotherClass ac=new AnotherClass(); SomeClass sc=new AnotherClass(); ac=sc; sc.methodA(); ac.methodA(); } } class SomeClass{ public void methodA(){ System.out.println(""SomeClass#methodA()""); } } class AnotherClass extends SomeClass{ public void methodA(){ System.out.println(""AnotherClass#methodA""); } } ```",A ClassCastException is thrown at runtime.,SomeClass#methodA() AnotherClass#methodA(),AnotherClass#methodA() AnotherClass#methodA(),The compilation fails,AnotherClass#methodA() SomeClass#methodA(),SomeClass#methodA() SomeClass#methodA(),,,,D,1
"Given: and and What is the result? ```java public class Test implements AbilityA,AbilityB{ // line 1 public void action() { System.out.println(""ab action""); } public static void main(S[] args){ AbilityB x=new Test(); //line 2 x.action(); } } ```",The compilation fails on line 1,An exception is thrown at run time,The compilation fails on line 2,a action,ab action,,,,,E,1
Given the enum declaration: Example this code: What code should be written at line 3 to make this code print A? ```java System.out.println(Alphabet.getFirstLetter()); ```,static String getFirstLetter() { return A.toString();},static String getFirstLetter() { return Alphabet.values().toString();},String getFirstLetter() { return A.toString();},final String getFirstLetter() { return A.toString();},,,,,,A,1
Given: Which two statements are valid to be written in this interface? （Choose two） ```java public interface ExampleInterface{} ```,public String method();,"public void methodF(){ System.out.println(""F""); }",public int x;,final void methodE(),"final void methodG(){ System.out.println(""G""); }",private abstract void methodC();,public abstract void methodB();,,,"A,G",1
"Given: and Which statement is true? ```java public class Tester{ public static Person createPeople(){ Person jane=new Person(""Jane""); Person john=new Person(""John"",jane); return jane; } public static Person createPerson(Person person){ person=new Person(""Jack"",person); return person; } public static void main(String[] args) { Person person=createPeople(); // line 1 person=createPerson(person); // line 2 String name=person.toString(); System.out.println(name); } } ```",The memory allocated for John object can be reused at line 1.,The memory allocated for Jack object can be reused at line 2.,The memory allocated for Jane object can be reused at line 2.,The memory allocated for Jane object can be reused at line 1.,,,,,,A,1
"Given: Why does D cause a compilation error? ```java public interface A{ public Iterable a(); } public interface B extends A{ public Collection a(); } public interface C extends A{ public Path a(); } public interface D extends B,C{ } ```",D does not define any method.,D inherits a() only from C.,D inherits a() from B and C but the return types are incompatible.,D extends more than one interface,,,,,,C,1
Given the code fragment: What is the result? ```java 8. public class Test { 9. private final int x=1; 10. static final int y; 11. public Test() { 12. System.out.print(x); 13. System.out.print(y); 14. } 15. public static void main(String args[]) { 16. new Test(); 17. } 18.} ```,The compilation fails at line 13,The compilation fails at line 9,The compilation fails at line 16,1,10,,,,,A,1
Given: Which is true? ```java 1. interface Pastry { 2. void getIngredients(); 3. } 4. abstract class Cookie implements Pastry{} 6. class ChocolateCookie implements Cookie { 7. public void getIngredients(){} 8. } 9. class CoconutChoolateCookie extends ChocolateCookie { 10. void getIngredients(int x){} 11. } ```,The compilation fails due to an error in line 10.,The compilation fails due to an error in line 9.,The compilation fails due to an error in line 4.,The compilation fails due to an error in line 6.,The compilation succeeds,The compilation fails due to an error in line 7.,The compilation fails due to an error in line 2,,,D,1
"Given the following application, which specific type of exception will be printed in the stack trace at runtime? ```java package carnival; public class WhackAnException{ public static void main(String... hammer) { try{ throw new ClassCastException(); }catch(IllegalArgumentException e){ throw new IlleaglArgumentException(); }catch(RuntimeException e){ throw new NullPointerException(); }finally{ throw new RuntimeException(); } } } ```",ClassCastException,IllegalArgumentException,NullPointerException,RuntimeException,The code does not compile.,None of the above,,,,D,1
"Given the following application, what is the name of the class printed at line e1? ```java package canyon; final class FallenException extends Exception{} final class HikingGer implements AutoCloseable{ @Override public void close() throws Exception{ throw new FallenException(); } } public class Cliff{ public final void climb() throws Exception{ try(HikingGear gear=new HikingGear()){ throw new RuntimeException(); } } public static void main(String... rocks){ try{ new Cliff().climb(); }catch(Throwable t){ System.out.println(t); //e1 } } } ```",canyon.FallenException,java.lang.RuntimeException,The code does not compile.,"The code compile, but the answer cannot be determined until runtime.",None of the above,,,,,B,1
"Given: What must be added in line 1 to compile this class? ```java import java.io.FileNotFoundException; import java.io.IOException; public class Tester{ public static void main(String[] args){ try{ doA(); }//line 1 } private static void doA() throws Exception,IndexOutOfBoundsException{ if(false){ throw new FileNotFoundException(); }else{ throw now IndexOutOfBoundsException(); } } } ```",catch(FileNotFoundException | Exception e){},catch(FileNotFoundException e){} catch(IndexOutOfBoundsException e){},catch(Exception e){},catch(IndexOutOfBoundsEexception e){} catch(FileNotFoundException e){},catch(FileNotFoundException | IndexOutBoundException e){},,,,,C,1
"Given: You want to read data through the reader object. Which statement inserted on line 1 will accomplish this? ```java char[] characters=new char[100]; try(FileReader reader=new FileReader(""file_to_path"");){ // line 1 System.out.println(String.valueOf(characters)); } catch(IOException e){ e.printStackTrace(); } ```",reader.readLine();,characters=reader.read();,reader.read(characters);,characters.read();,,,,,,C,1
"Given: and the code fragment: What is the result? ```java try{ String param1=""oracle""; if(param1.equalsIgnoreCase(""oracle"")) { throw new ExSub(9001, ""APPLICATION ERROR-9001"",new FileNotFoundException(""MyFile.txt"")); } throw new ExSuper(9001, new FileNotFoundException(""MyFile.txt"")); // Line 1 } catch(ExSuper ex) { System.out.println(ex.getMessage()); } ```",Compilations fails at Line 1;,9001: java.io.FileNotFoundException:MyFile.txt-MyFile.txt,9001: APPLICATION ERROR-9001-MyFile.txt,9001: APPLICATION ERROR-9001-MyFile.txt 9001: java.io.FileNotFoundException: MyFile.txt-MyFile.txt,,,,,,C,1
"Given: What is the result? ```java public class Option{ public static void main(String[] args) { System.out.println(""Ans: ""+convert(""a"").get()); } private static Optional<Integer> convert(String s) { try{ return Optional.of(Integer.parseInt(s)); } catch(Exception e) { return Optional.empty(); } } } ```",Ans:,Ans: a,A java.util.NoSuchElementException is thrown at run time,The compilation fails,,,,,,C,1
"Given: What is the result? ```java import java.io.*; public class Tester { public static void main(String args[]) { try{ doA(); doB(); } catch(IOException e) { System.out.print(""C""); return; } finally { System.out.print(""d""); } System.out.print(""f""); } private static void doA() { System.out.print(""a""); if(false) { throw new IndexOutOfBoundsException(); } } private static void doB() throws FileNotFoundException { System.out.print(""b""); if(true) { throw new FileNotFoundException(); } } } ```",The compilation fails.,adf,abd,abcd,abdf,,,,,D,1
"Given: What is the output? ```java public class Test{ private int num=1; private int div=0; public void divide() { try { num=num/div; System.out.print(""Exception""); } catch(ArithmeticException ae) { num=100; } catch(Exception e) { num=200; } finally { num=300; } System.out.print(num); } public static void main(String args[]) { Test test=new Test(); test.divide(); } } ```",200,100,300,Exception,,,,,,C,1
Given: What is the output? ```java public class Test { private int sum; public int compute() { int x=0; while(x<3) { sum+=++x; } return sum/4; } public static void main(String[] args) { Test t=new Test(); int sum=t.compute(); sum=t.compute(); System.out.print(sum); } } ```,6,3,An exception is thrown at runtime,9,,,,,,B,1
Which of the following fills in the blank so this code compiles? ```java public static void getExceptions(Collection<__> coll){ coll.add(new RuntimeException()); coll.add(new Exception()); } ```,?,? extends Exception,? super Exception,None of the above,,,,,,C,1
"What does the following output? ```java 18: List<String> list=List.of( 19: ""Mary"",""had"",""a"",""little"",""lamb""); 20: Set<String> set=new HashSet<>(list); 21: set.addAll(list); 22: for(String sheep:set) 23: if(sheep.length()>1) 24: set.remove(sheep); 25: System.out.println(set); ```","[a,lamb,had,Mary,little]",[a],"[a,a]",The code does not compile.,The code throws an exception at runtime,,,,,E,1
Given: What is the result? ```java ArrayList<Integer> a1=new ArrayList<>(); a1.add(1); a1.add(2); a1.add(3); Iterator<Integer> itr=a1.iterator(); while(itr.hasNext()) { if(itr.next()==2) { a1.remove(2); System.out.print(itr.next()); } } ```,1 2 followed by an exception,1 2 3 followed by an exception,A ConcurrentModificationException is thrown at run time,1 2 4 5,,,,,,C,1
"Given: What is the result? ```java import java.util.ArrayList; import java.util.Arrays; public class NewMain{ public static void main(String[] args) { String[] catNames={""abyssinian"",""oxicat"", ""korat"",""laperm"",""bengal"",""sphynx""}; var cats=new ArrayList<>(Arrays.asList(catNames)); cats.sort((var a,var b)->-a.compareTo(b)); cats.forEach(System.out::println); } } ```",nothing,sphynx oxicat laperm korat bengal abyssinian,abyssinian oxicat korat laperm bengal sphynx,abyssinian bengal korat laperm oxicat sphynx,,,,,,B,1
"What is a possible output of the following application? ```java import java.util.*; import java.util.stream.*; public class Thermometer { private String feelsLike; private double temp; @Override public String toString(){ return feelsLike;} // Constructor/Getters/Setters Omitted public static void main(String... season) { var readings=List.of(new Thermometer(""HOT!"",72), new Thermometer(""Too Cold"",0), new Thermometer(""Just right!"",72)); readings .parallelStream() // k1 .collect(Collectors.groupingByConcurrent( Thermometer::getTemp)) // k2 .forEach(System.out::println); // k3 } } ```","{0.0=[Cold!], 72.0=[Hot!, Just right!]}","{0.0=[Cold!], 72.0=[Just right!], 72.0=[HOT!]}",The code does not compile because of line k1,The code does not compile because of line k2,The code does not compile because of line k3,None of the above,,,,E,1
"What is the output of the following application? ```java package lot; import java.util.function.*; public class Warehouse { private int quantity=40; private final BooleanSupplier stock; { stock=()->quantity>0; } public void checkInventory() { if(stock.get()) System.out.print(""Plenty!""); else { System.out.print(""On Backorder!""); } } public static void main(String... widget) { final Warehouse w13=new Warehouse(); w13.checkInventory(); } } ```",Plenty,On Backorder!,The code does not compile because of the checkInventory() method.,The code does not compile for a different reason,,,,,,C,1
Which code fragment represents a valid Comparator implementation?,"new Comparator<String>() { public int compareTo(String str1,String str2) { return str1.compareTo(str2); } };","public class Comps implements Comparator { public boolean compare(Object obj1,Object obj2) { return obj1.equals(obj2); } }","public class Comps implements Comparator { public int compare(String str1,String str2) { return str1.length()-str2.length(); } }","new Comparator<String>() { public int compare(String str1,String str2) { return str1.compareTo(str2); } };",,,,,,D,1
"Given: You replace the code on line 1 to use parallelStream. Which one is correct? ```java var fruits=List.of(""apple"",""orange"",""banana"",""lemon""); Optional<String> result=fruits.stream().filter(f->f.contains(""n"")).findAny();// line 1 System.out.println(result.get()); ```",The compilation fails.,The code will produce the same result,A NoSuchElementException is thrown at run time,The code may produce a different result,,,,,,D,1
"Given the code fragment: Which can replace line 2? ```java 1. var list=List.of(1,2,3,4,5,6,7,8,9,10); 2. UnaryOperator<Integer> u=i->i*2; 3. list.replaceAll(u); ```",UnaryOperator<Integer> u=var i->{return i*2;},UnaryOperator<Integer> u=i->{return i*2;},UnaryOperator<Integer> u=(var i)->(i*2);,UnaryOperator<Integer> u=(int i)->i*2;,,,,,,C,1
Which two are valid statements? （Choose two）,"BiPredicate<Integer,Integer> test=(final var x,y)->(x.equals(y));","BiPredicate<Integer,Integer> test=(Integer x,final Integer y)->(x.equals(y));","BiPredicate<Integer,Integer> test=(final Integer var x,var y)->(x.equals(y));","BiPredicate<Integer,Integer> test=(var x,final var y)->(x.equals(y));","BiPredicate<Integer,Integer> test=(Integer var x,final var y)->(x.equals(y));",,,,,"B,D",1
Why would you choose to use a peek operation instead of a forEach operation on a Stream?,to process the current item and return a stream,to process the current item and return void,to remove an item from the beginning of the stream,to remove an item from the end of the stream,,,,,,A,1
"Given the content from `lines.txt` and What is the Result? ```java String fileName=""lines.txt""; List<String> list=new ArrayList<>(); try(Stream<String> stream=Files.lines(Paths.get(fileName))) { list=stream .filter(line->!line.equalsIgnoreCase(""JAVA"")) .map(String::toUpperCase) .collect(Collectors.toList()); } catch(IOException e) { } list.forEach(System.out::println); ```",C C++ Go Kotlin,JAVA,C C++ GO KOTLIN,C C++ JAVA GO KOTLIN,,,,,,C,1
"Given: and the code fragment: Which two objects group all employees with a salary greater than 30 by neighborhood? （Choose two） ```java List<Employee> roster=new ArrayList<>(); Predicate<Employee> p=e->e.getSalary()>30; Function<Employee,Optional<String>> f= e->Optional.ofNullable(e.getNeighborhood()); ```","Map<Optional<String>,List<Employee>> r4=roster.stream() .collect(Collectors.groupingBy(f,Collectors.filtering(p,Collectors.toList())));","Map<Optional<String>,List<Employee>> r2=roster.stream().filter(p) .collect(Collectors.groupingBy(f,Employee::getNeighborhood));","Map<Optional<String>,List<Employee>> r5=roster.stream() .collect(Collectors.groupingBy(Employee::getNeighborhood, Collectors.filtering(p,Collectors.toList())));","Map<Optional<String>,List<Employee>> r3=roster.stream().filter(p) .collect(Collectors.groupingBy(p));","Map<String,List<Employee>> r1=roster.stream() .collect(Collectors.groupingBy(Employee::getNeighborhood, Collectors.filtering(p,Collectors.toList())));",,,,,"A,E",1
"Given the code fragment: What is the output? ```java public class Main { public static void main(String[] args) { List<String> fruits=List.of(""banana"",""orange"",""apple"",""lemon""); Stream<String> s1=fruits.stream(); Stream<String> s2=s1.peek(i->System.out.print(i+"" "")); System.out.println(""--------""); Stream<String> s3=s2.sorted(); Stream<String> s4=s3.peek(i->System.out.print(i+"" "")); System.out.println(""--------""); String strFruits=s4.collect(Collectors.joining("","")); } } ```",-------- -------- banana orange apple lemon apple banana lemon orange,banana orange apple lemon ------ apple banana lemon orange ------,----- banana orange apple lemon ----- apple banana lemon orange,----- -----,banana orange apple lemon apple banana lemon orange ------ ------,,,,,A,1
What statements are true about `requires mandated java.base`? （Choose two）,This output is expected when running the `java --list-modules` command.,This output is expected when running the `java --show-module-resolution` command.,This output is expected when running the `jdeps` command.,This output is expected when running the `jmod` command.,All modules will include this in the output.,Some modules will include this in the output.,,,,"C,E",1
What is the name of a file that declares a module?,mod.java,mod-data.java,mod-info.java,module.java,module-data.java,module-info.java,,,,F,1
Suppose you have a module that contains a class with a call to `exports(ChocolateLab.class)`. Which part of the module service contains this class?,Consumer,Service locator,Service provider,Service provider interface,None of the above,,,,,E,1
"How many of these keywords can be used in a module-info.java file: `close, export, import, require, and uses`?",None,One,Two,Three,Four,Five,,,,B,1
Which module provides the foundational APIs of the Java SE Platform?,java.lang,java.base,java.object,java.se,,,,,,B,1
"What is the output of the following application? ```java import java.util.*; public class SearchList<T> { private List<T> data; private boolean foundMatch=false; public SearchList(List<T> list) { this.data=list; } public void exists(T v,int start,int end) { if(end-start==0) {} else if(end-start==1) { foundMatch=foundMatch || v.equals(data.get(start)); } else { final int middle=start+(end-start)/2; new Thread(()->exists(v,start,middle)).run(); new Thread(()->exists(v,middle,end)).run(); } } public static void main(String[] a) throws Exception { List<Integer> data=List.of(1,2,3,4,5,6); SearchList<Integer> t=new SearchList<Integer>(data); t.exists(5,0,data.size()); System.out.print(t.foundMatch); } } ```",true,false,The code does not compile,The result is unknown until runtime,An exception is thrown,None of the above,,,,A,1
Which of the following methods is not available on an ExecutorService instance? （Choose two）,execute(Callable),shutdownNow(),submit(Runnable),exit(),submit(Callable),execute(Runnable),,,,"A,D",1
"Given: What is the output? ```java var c=new CopyOnWriteArrayList<>(List.of(""1"",""2"",""3"",""4"")); Runnable r=()->{ try{ Thread.sleep(150); } catch(InterruptedException e){ System.out.println(e); } c.set(3,""four""); System.out.print(c+"" ""); }; Thread t=new Thread(r); t.start(); for(var s:c) { System.out.print(s+"" ""); Thread.sleep(100); } ```","1 2 [1, 2, 3, four] 3 4","1 2 [1, 2, 3, 4] 3 four","1 2 [1, 2, 3, 4] 3 4","1 2 [1, 2, 3, four] 3 four",,,,,,A,1
Given: and and and What needs to change to make these classes compile and still handle all types of Interface Worker? ```java public class Main<T extends Worker> extends Thread { // Line 1 private List<T> processes=new ArrayList<>(); //line 2 public void addProcess(HardWorker w) { // line 3 processes.add(w); } public void run() { processes.forEach((p)->p.doProcess()); } } ```,Replace Line 1 with `public class Main<T extends HardWorker> extends Thread {`,Replace Line 3 with `public void addProcess(T w) {`,Replace Line 3 with `public void addProcess(Worker w) {`,Replace Line 2 with `private List<HardWorker> processes=new ArrayList<>();`,,,,,,B,1
Why does Console `readPassword()` return a char array rather than a String?,It improves performance,It improves security,Passwords must be stored as a char array,String cannot hold the individual password characters,It adds encryption,None of the above,,,,B,1
Fill in the blanks: Writer is a(n) ___________ that related stream classes __________,"concrete class, extend","abstract class, extend","abstract class, implement","interface, extend","interface, implement",None of the above,,,,B,1
"Given: You want to implement the `java.io.Serializable` interface to the MyPersistenceData class. Which method should be overridden? ```java class MyPersistenceData { String str; private void methodA() { System.out.println(""methodA""); } } ```",the readExternal method,the readExternal and writeExternal method,the writeExternal method,nothing,,,,,,D,1
"Fill in the blanks: ___________ means the state of an object cannot be changed, while _________ means that it can","Encapsulation, factory method","Immutability, mutability","Regidity, flexibility","Static, instance","Tightly coupled, loosely coupled",None of the above,,,,B,1
How do you change the value of an instance variable in an immutable class?,Call the setter method,Remove the final modifier and set the instance variable directly,Create a new instance with an inner class,"Use a method other than Option A, B, or C.",You can't,,,,,E,1
"Given: Which change would make Foo more secure? ```java public class Foo { public static String ALPHA=""alpha""; protected String beta=""beta""; private final String delta; public Foo(String d) { delta=ALPHA+d; } public String foo() { return beta+=delta; } } ```",private String delta;,"public String beta=""beta"";","protected final String beta=""beta"";","public static final String ALPHA=""alpha"";",,,,,,D,1
"What is the most likely outcome of this code if the bunnies table is empty? ```java var url=""jdbc:derby:bunnies""; var sql=""insert into bunny(name,color) values(?,?)""; try(var conn=DriverManager.getConnection(url); var stmt=conn.createStatement()){ stmt.setString(1,""Hoppy""); stmt.setString(2,""Brown""); stmt.executeUpdate(sql); } ```",One row is inserted into the table.,Two rows are inserted into the table.,The code does not compile.,The code throws a SQLException,,,,,,C,1
What must be the first characters of a database URL?,"db,",db:,"jdbc,",jdbc:,None of the above,,,,,D,1
"Assuming the user credentials are correct, which expression will create a Connection?","DriverManager.getConnection(""jdbc:derby:com"");","DriverManager.getConnection(""jdbc.derby.com"");","DriverManager.getConnection(""http://database.jdbc.com"",""J_SMITH"",""dt12%2f3"");",DriverManager.getConnection();,"DriverManager.getConnection(""J_SMITH"",""dt12%2f3"");",,,,,A,1
Which of the following are considered locales? （Choose three）,Culture region,Local address,City,Time zone region,Political region,Geographical region,,,,"A,E,F",1
"When localizing an application, which type of data varies in presentation depending on locale?",Currencies,Dates,Both,Neither,,,,,,C,1
Given the code fragment: You want to display the value of currency as $100.00. Which code inserted on line 1 will accomplish this? ```java Locale locale=Locale.US; // Line 1 double currency=1_00.00; System.out.println(formatter.format(currency)); ```,NumberFormat formatter=NumberFormat.getInstance(locale).getCurrency();,NumberFormat formatter=NumberFormat.getInstance(locale);,NumberFormat formatter=NumberFormat.getCurrency(locale);,NumberFormat formatter=NumberFormat.getCurrencyInstance(locale);,,,,,,D,1
Which code fragment does a service use to load the service provider with a Print interface?,private java.util.ServiceLoader<Print> loader=ServiceLoader.load(Print.class);,private Print print=com.service.Provider.getInstance();,private java.util.ServiceLoader<Print> loader=new java.util.ServiceLoader<>();,private Print print=new com.service.PrintImpl();,,,,,,A,1
What modifier is used to mark an annotation element as optional?,optional,default,required,value,case,None of the above,,,,B,1
"Fill in the blank with the correct annotation usage that allows the code to compile without any warnings. ```java @Deprecated(since=""5.0"") public class ProjectPlanner<T>{ ProjectPlanner create(T t) { return this; } } @SuppressWarnings(________) class SystemPlanner { ProjectPlanner planner=new ProjectPlanner().create(""TPS""); } ```",value=ignoreAll,"value=""deprecation"",""unchecked""","""unchecked"",""deprecation""","{""deprecation"",""unchecked""}","""deprecation""",None of the above,,,,D,1
"Given the declaration: Examine this code fragment: Which two annotations may be applied at Loc1 in the code fragment? （Choose two） | 題號 | 答案 | 題號 | 答案 | 題號 | 答案 | |------|------|------|------|------|------| | Q1 | D | Q26 | A | Q51 | C,E | | Q2 | A | Q27 | D | Q52 | F | | Q3 | E | Q28 | D | Q53 | E | | Q4 | D | Q29 | B | Q54 | B | | Q5 | D | Q30 | C | Q55 | B | | Q6 | A | Q31 | C | Q56 | A | | Q7 | B,F | Q32 | C | Q57 | A,D | | Q8 | D | Q33 | C | Q58 | A | | Q9 | D | Q34 | D | Q59 | B | | Q10 | F | Q35 | C | Q60 | B | | Q11 | A | Q36 | B | Q61 | B | | Q12 | A | Q37 | C | Q62 | D | | Q13 | F | Q38 | E | Q63 | B | | Q14 | D | Q39 | C | Q64 | E | | Q15 | G | Q40 | B | Q65 | D | | Q16 | B,E | Q41 | E | Q66 | C | | Q17 | C | Q42 | C | Q67 | D | | Q18 | D,E,F| Q43 | D | Q68 | A | | Q19 | D,E,G| Q44 | D | Q69 | A,E,F | | Q20 | D | Q45 | C | Q70 | C | | Q21 | E | Q46 | B,D | Q71 | D | | Q22 | A | Q47 | A | Q72 | A | | Q23 | A,G | Q48 | C | Q73 | B | | Q24 | A | Q49 | A,E | Q74 | D | | Q25 | C | Q50 | A | Q75 | D,E | | 章節 | 主題 | 題數 | |------|------|------| | Chapter 1 | Working with Java Data Types | 6 | | Chapter 2 | Controlling Program Flow | 3 | | Chapter 3 | Java Object Oriented Approach | 18 | | Chapter 4 | Exception Handling | 9 | | Chapter 5 | Working with Arrays and Collections | 4 | | Chapter 6 | Working with Streams and Lambda | 10 | | Chapter 7 | Java Platform Module System | 5 | | Chapter 8 | Concurrency | 4 | | Chapter 9 | Java I/O API | 3 | | Chapter 10 | Secure Coding in Java SE Application | 3 | | Chapter 11 | Database Application with JDBC | 3 | | Chapter 12 | Localization | 4 | | Chapter 13 | Annotations | 3 | | **合計** | | **75** | ```java /** Loc1**/ class ProcessOrders{...} ```",@Resource(),@Resource(value={{}}),@Resource,"@Resource({""Customer1"",""Customer2""})","@Resource(""Customer1"")",,,,,"D,E",1
